[
{
  "model": "blog_app.topic",
  "pk": 1,
  "fields": {
    "name": "Join"
  }
},
{
  "model": "blog_app.topic",
  "pk": 2,
  "fields": {
    "name": "Open"
  }
},
{
  "model": "blog_app.topic",
  "pk": 3,
  "fields": {
    "name": "Democrat"
  }
},
{
  "model": "blog_app.topic",
  "pk": 4,
  "fields": {
    "name": "Meeting"
  }
},
{
  "model": "blog_app.topic",
  "pk": 5,
  "fields": {
    "name": "Product"
  }
},
{
  "model": "blog_app.post",
  "pk": 1,
  "fields": {
    "title": "Hear speech them.",
    "author": 2,
    "slug": "hear-speech-them",
    "content": "Despite risk career including. Color operation until church position them accept.\nInside your condition type seek thank long. Song call lot station production he would leave.\nState law quality perhaps range voice husband. See traditional close simple fill turn.\nParty history morning bar would answer. More present increase stop health involve about.\nEarly including catch mind time book health. Man by would between PM. Back name tonight foot she military painting.",
    "image": "",
    "created_on": "2023-03-09T05:54:03.575Z",
    "updated_on": "2023-03-09T05:54:03.575Z",
    "draft": false,
    "topics": [
      4
    ]
  }
},
{
  "model": "blog_app.post",
  "pk": 2,
  "fields": {
    "title": "Hard including.",
    "author": 3,
    "slug": "hard-including",
    "content": "Deep series bank character.\nLook song official education security some instead order. Be full sea clear professional.\nReason heavy together Congress look likely. Court girl successful but close set. Hit and visit risk guy imagine.\nAppear person myself administration. Physical want his lead wonder mind style. Practice important image represent remain just reveal north.\nFull girl land part wife. Participant statement simply learn.\nShoulder he leader account mind citizen. Point since capital.",
    "image": "",
    "created_on": "2023-03-09T05:54:03.575Z",
    "updated_on": "2023-03-09T05:54:03.575Z",
    "draft": false,
    "topics": [
      1,
      2
    ]
  }
},
{
  "model": "blog_app.post",
  "pk": 3,
  "fields": {
    "title": "Sign ask.",
    "author": 6,
    "slug": "sign-ask",
    "content": "Better civil enter prevent glass. Far cup right program.\nHouse former seven because partner determine daughter. Institution health local you yeah. Describe inside draw myself once.\nThey whether ever meet ever around. Be quickly allow be list.\nUs personal view tough heavy. Case to standard system behavior. Lawyer beyond research set few way my teacher. Most sense design management court strategy to.\nParty store upon important him street pressure.",
    "image": "",
    "created_on": "2023-03-09T05:54:03.575Z",
    "updated_on": "2023-03-09T05:54:03.575Z",
    "draft": false,
    "topics": [
      5
    ]
  }
},
{
  "model": "blog_app.post",
  "pk": 4,
  "fields": {
    "title": "Charge history.",
    "author": 6,
    "slug": "charge-history",
    "content": "Spring animal who why recognize program. Would top camera now usually every. Form less discussion yeah blue.\nBetween their surface. Ground pick involve dinner say alone.\nMessage across course entire involve available up.\nEye morning establish decide finish interview describe. Edge idea even use.\nStation game election budget fish structure sit. Defense son agree plan time fund talk strategy. Peace realize democratic choice.\nLast let card cup.",
    "image": "",
    "created_on": "2023-03-09T05:54:03.575Z",
    "updated_on": "2023-03-09T05:54:03.575Z",
    "draft": false,
    "topics": [
      1
    ]
  }
},
{
  "model": "blog_app.post",
  "pk": 5,
  "fields": {
    "title": "Call their.",
    "author": 4,
    "slug": "call-their",
    "content": "Remember someone figure somebody. Single back might yourself talk off.\nQuality choose word section admit under seven decade. Can perhaps option agreement.\nForeign stage say within already customer add. On despite gun study loss enough form. Serious low attention low here design room before.\nField doctor of fact respond. Would notice consumer than same entire rest. Like social hundred happy human memory.\nGirl maintain available him quite president thank. Including voice which center eight.",
    "image": "",
    "created_on": "2023-03-09T05:54:03.575Z",
    "updated_on": "2023-03-09T05:54:03.575Z",
    "draft": false,
    "topics": [
      4
    ]
  }
},
{
  "model": "blog_app.post",
  "pk": 6,
  "fields": {
    "title": "Leave authority.",
    "author": 3,
    "slug": "leave-authority",
    "content": "Thank low figure second lot. Investment despite surface across edge manager fish. Difference around choice black remain.\nFinal director look brother between. Truth ever degree close early positive she.\nIndustry recently third structure.\nGo community over through. Son account discover itself only leader issue. Ok agreement bank card environment. They fact condition teach.\nFind already capital draw art about under. Image plan particularly reveal bed skin suddenly. Pressure growth notice beyond.",
    "image": "",
    "created_on": "2023-03-09T05:54:03.575Z",
    "updated_on": "2023-03-09T05:54:03.575Z",
    "draft": false,
    "topics": [
      5
    ]
  }
},
{
  "model": "blog_app.post",
  "pk": 7,
  "fields": {
    "title": "Term theory.",
    "author": 3,
    "slug": "term-theory",
    "content": "It want prepare name require. Help movement cover your rate same read. Follow responsibility order make.\nSystem must near course term area each. Community everything place us beat. Agree increase short tonight room research.\nSay discussion today idea point exist.\nInformation land nor establish sense behavior course. Company recognize people decide group accept television. Open story girl choice. War part behind animal us.",
    "image": "",
    "created_on": "2023-03-09T05:54:03.575Z",
    "updated_on": "2023-03-09T05:54:03.575Z",
    "draft": false,
    "topics": [
      2
    ]
  }
},
{
  "model": "blog_app.post",
  "pk": 8,
  "fields": {
    "title": "Our blood full.",
    "author": 6,
    "slug": "our-blood-full",
    "content": "Them term base effect animal quickly thank. Civil adult guy group. Want arrive entire.\nEye approach street also now between individual. Window trial face few.\nTen partner inside positive institution financial. Hospital we staff.\nHis free animal college fight paper. Wind not popular production. Suddenly war learn church.\nExample age newspaper brother. Art sport evening really a pull both.",
    "image": "",
    "created_on": "2023-03-09T05:54:03.575Z",
    "updated_on": "2023-03-09T05:54:03.576Z",
    "draft": false,
    "topics": [
      3,
      5
    ]
  }
},
{
  "model": "blog_app.post",
  "pk": 9,
  "fields": {
    "title": "Himself position.",
    "author": 3,
    "slug": "himself-position",
    "content": "May spend window situation. Try effect draw.\nRich officer expert enough many. Late including structure trip.\nSystem interesting be camera investment college trip. Candidate knowledge position president energy. Whom consider agree technology assume organization election.\nNews discover together very. Good leave alone record building modern admit. Team rule message themselves artist join billion tree.\nCurrent window nature serve threat forget set. Race standard foot with system.",
    "image": "",
    "created_on": "2023-03-09T05:54:03.576Z",
    "updated_on": "2023-03-09T05:54:03.576Z",
    "draft": false,
    "topics": [
      5
    ]
  }
},
{
  "model": "blog_app.post",
  "pk": 10,
  "fields": {
    "title": "Ability ball show.",
    "author": 5,
    "slug": "ability-ball-show",
    "content": "Already also soldier rich. Trade cold opportunity former its so relate.\nInside else wrong quickly give air in. Great pattern other meet list.\nQuestion operation avoid can security outside. Center crime black cell he protect later pass. Event public lot by everyone fish yet.\nAmount stay money compare. Program energy interview compare above enough mind.\nCatch spring politics rock expert Congress. Yeah wrong issue officer right ball into clear. Mean position author music.",
    "image": "",
    "created_on": "2023-03-09T05:54:03.576Z",
    "updated_on": "2023-03-09T05:54:03.576Z",
    "draft": false,
    "topics": [
      4
    ]
  }
},
{
  "model": "blog_app.post",
  "pk": 11,
  "fields": {
    "title": "Tell that key put.",
    "author": 5,
    "slug": "tell-that-key-put",
    "content": "Agreement prepare have happen until mean. Nearly particularly source.\nThus thought tax drive vote future again. Left decision wall floor third argue should it. If or small skin.\nUse item tax ask option in. Summer maybe black director.\nFood worker base day yeah. Itself special character operation message lead.\nDescribe you city law time. Own perform similar cup rich. Material let population increase pass candidate front crime.",
    "image": "",
    "created_on": "2023-03-09T05:54:03.576Z",
    "updated_on": "2023-03-09T05:54:03.576Z",
    "draft": false,
    "topics": [
      1
    ]
  }
},
{
  "model": "blog_app.post",
  "pk": 12,
  "fields": {
    "title": "Those thought.",
    "author": 4,
    "slug": "those-thought",
    "content": "Million billion attention. Method enough show none beautiful head Democrat.\nCheck never man film growth go friend. Of business bill language.\nTree impact maybe institution action bad. She author after fill. Office often degree suggest girl institution shake.\nNature three life ground join director region. Sometimes camera program key technology look. Science take police paper analysis him he wear.\nSort something now upon fine land nation.",
    "image": "",
    "created_on": "2023-03-09T05:54:03.576Z",
    "updated_on": "2023-03-09T05:54:03.576Z",
    "draft": false,
    "topics": [
      3
    ]
  }
},
{
  "model": "blog_app.post",
  "pk": 13,
  "fields": {
    "title": "Factor interview.",
    "author": 2,
    "slug": "factor-interview",
    "content": "Issue strong building score reflect. Head husband eight source. If green whole.\nLine quality clearly statement pick buy learn. Spring experience career action seat under. Poor bit serious yourself around it social.\nMoney major price hand speech front few. Specific military clear. Mind church look according. If box new brother ever.\nArt point heavy bank include suffer. Clearly act art deal soldier.\nManager recognize way few. Light including resource back.",
    "image": "",
    "created_on": "2023-03-09T05:54:03.576Z",
    "updated_on": "2023-03-09T05:54:03.576Z",
    "draft": false,
    "topics": [
      3,
      5
    ]
  }
},
{
  "model": "blog_app.post",
  "pk": 14,
  "fields": {
    "title": "Beat test lose.",
    "author": 3,
    "slug": "beat-test-lose",
    "content": "Week gas election sea.\nFinancial hotel report culture activity current. Expert news fish without.\nRequire size western stay almost talk whom. Pretty loss school thus address score.\nMaintain enough condition investment teacher party. Investment pay which spring us. Artist story reality represent prove.\nAudience history shake have teach. Various part democratic over alone way. Safe base relate. Woman think several entire understand thank realize.\nEnvironmental foreign discuss pass leg.",
    "image": "",
    "created_on": "2023-03-09T05:54:03.576Z",
    "updated_on": "2023-03-09T05:54:03.576Z",
    "draft": false,
    "topics": [
      2
    ]
  }
},
{
  "model": "blog_app.post",
  "pk": 15,
  "fields": {
    "title": "Likely of deep a.",
    "author": 3,
    "slug": "likely-of-deep-a",
    "content": "It piece least attention ball similar. Interview speak back carry still.\nHot fear measure soldier. Break include act beat serve hold.\nPosition amount protect three too. Early plan increase bad spend clear condition.\nSon television challenge easy form dog drop scientist. Fire reflect computer create. Next best war term attorney.\nWhether bar staff. Reduce whether movie he.\nTown morning live middle Mr. Suddenly idea billion well. Wonder stuff behind network watch car.",
    "image": "",
    "created_on": "2023-03-09T05:54:03.576Z",
    "updated_on": "2023-03-09T05:54:03.576Z",
    "draft": false,
    "topics": [
      2
    ]
  }
},
{
  "model": "blog_app.post",
  "pk": 16,
  "fields": {
    "title": "Best director.",
    "author": 5,
    "slug": "best-director",
    "content": "One concern today which out back. Industry behavior argue president scientist. West stay training wish.\nSport you type price. Catch decade yard main worker wonder without.\nFrom modern study role wait nothing. Very your within. Former per south class and will.\nSenior wish right especially outside yourself rather. Security behind business head strong since.\nCharge side success point take art shake. Away simple need leave.",
    "image": "",
    "created_on": "2023-03-09T05:54:03.576Z",
    "updated_on": "2023-03-09T05:54:03.576Z",
    "draft": false,
    "topics": [
      1
    ]
  }
},
{
  "model": "blog_app.post",
  "pk": 17,
  "fields": {
    "title": "Relate glass.",
    "author": 5,
    "slug": "relate-glass",
    "content": "Most north respond prevent become. Arrive fund activity find care present smile. Campaign bring sense would could goal move wait.\r\nIdentify create society body. Act bed me skin hotel hear. Out hear media indicate authority head. Board successful sister effort only.\r\nDemocratic lot kid hot Democrat full. Fire fire ever yourself strong. Write hard identify weight feel.\r\nBest base leave Democrat sit leader subject.",
    "image": "Screenshot_2022-12-11_at_11.55.56.png",
    "created_on": "2023-03-09T05:54:03.576Z",
    "updated_on": "2023-03-09T06:15:14.803Z",
    "draft": false,
    "topics": [
      3
    ]
  }
},
{
  "model": "blog_app.post",
  "pk": 18,
  "fields": {
    "title": "Morning middle.",
    "author": 4,
    "slug": "morning-middle",
    "content": "Source knowledge else. Rate every wish detail road condition. Prepare something voice forget process. Choice notice either reveal usually ok.\r\nInstead case beautiful human a series door. Book beyond throughout indeed win political. Again physical compare he can question.\r\nBuy direction morning anything relationship item certainly. Not look accept center cover.\r\nPresent course environment major member near student hear. Job movie like step difference food.",
    "image": "Screenshot_2023-03-09_at_08.11.54.png",
    "created_on": "2023-03-09T05:54:03.576Z",
    "updated_on": "2023-03-09T06:14:47.843Z",
    "draft": false,
    "topics": [
      4
    ]
  }
},
{
  "model": "blog_app.post",
  "pk": 19,
  "fields": {
    "title": "Subject.",
    "author": 6,
    "slug": "subject",
    "content": "Responsibility end catch head analysis. Back campaign than support speak minute. Represent control wide central vote somebody.\r\nPublic industry tell center. Memory raise indicate sense create gun.\r\nHead gun prevent upon toward without happy. Wear during reach feeling nothing perhaps word.\r\nKitchen president range price sea. Value reduce reduce keep necessary. Include agent two oil agent respond fill.",
    "image": "Screenshot_2023-03-09_at_08.11.22.png",
    "created_on": "2023-03-09T05:54:03.576Z",
    "updated_on": "2023-03-09T06:14:09.990Z",
    "draft": false,
    "topics": [
      1
    ]
  }
},
{
  "model": "blog_app.post",
  "pk": 20,
  "fields": {
    "title": "Can foreign.",
    "author": 5,
    "slug": "can-foreign",
    "content": "Development simply kitchen talk too. Congress end add night.\r\nSmall born Mr. According drop air dream.\r\nFinally subject thought training hit all. Forget purpose certainly as field position. Interview that inside say hit different.\r\nSure actually drug such interesting return interest eat. Later recently without need a lead establish figure.\r\nEight huge style score. Make believe look lose teacher.\r\nGrow specific rise continue leave. Pick matter past street someone ahead. Physical rule look best today.",
    "image": "Screenshot_2023-03-09_at_08.10.46.png",
    "created_on": "2023-03-09T05:54:03.576Z",
    "updated_on": "2023-03-09T06:13:41.693Z",
    "draft": false,
    "topics": [
      3
    ]
  }
},
{
  "model": "blog_app.comment",
  "pk": 1,
  "fields": {
    "name": "kathleenvega",
    "email": "kathleenvega@vega.com",
    "body": "Not popular measure beyond.",
    "post": 12,
    "created_on": "2023-03-09T05:54:03.858Z",
    "active": true
  }
},
{
  "model": "blog_app.comment",
  "pk": 2,
  "fields": {
    "name": "crystalguerrero",
    "email": "crystalguerrero@guerrero.com",
    "body": "Option staff can laugh run.",
    "post": 6,
    "created_on": "2023-03-09T05:54:03.858Z",
    "active": true
  }
},
{
  "model": "blog_app.comment",
  "pk": 3,
  "fields": {
    "name": "jacobcortez",
    "email": "jacobcortez@cortez.com",
    "body": "Past ten official its real city.",
    "post": 20,
    "created_on": "2023-03-09T05:54:03.858Z",
    "active": true
  }
},
{
  "model": "blog_app.comment",
  "pk": 4,
  "fields": {
    "name": "feliciamartinez",
    "email": "feliciamartinez@martinez.com",
    "body": "Mrs move once represent amount to art.",
    "post": 2,
    "created_on": "2023-03-09T05:54:03.858Z",
    "active": true
  }
},
{
  "model": "blog_app.comment",
  "pk": 5,
  "fields": {
    "name": "crystalguerrero",
    "email": "crystalguerrero@guerrero.com",
    "body": "Camera hotel ground room.",
    "post": 13,
    "created_on": "2023-03-09T05:54:03.858Z",
    "active": true
  }
},
{
  "model": "blog_app.comment",
  "pk": 6,
  "fields": {
    "name": "feliciamartinez",
    "email": "feliciamartinez@martinez.com",
    "body": "Particular employee she. Second true hope.",
    "post": 8,
    "created_on": "2023-03-09T05:54:03.858Z",
    "active": true
  }
},
{
  "model": "blog_app.comment",
  "pk": 7,
  "fields": {
    "name": "kathleenvega",
    "email": "kathleenvega@vega.com",
    "body": "Our well however rather management certainly.",
    "post": 15,
    "created_on": "2023-03-09T05:54:03.858Z",
    "active": true
  }
},
{
  "model": "blog_app.comment",
  "pk": 8,
  "fields": {
    "name": "kathleenvega",
    "email": "kathleenvega@vega.com",
    "body": "After what one share inside build yes.",
    "post": 9,
    "created_on": "2023-03-09T05:54:03.858Z",
    "active": true
  }
},
{
  "model": "blog_app.comment",
  "pk": 9,
  "fields": {
    "name": "feliciamartinez",
    "email": "feliciamartinez@martinez.com",
    "body": "Under dream performance admit yard than.",
    "post": 14,
    "created_on": "2023-03-09T05:54:03.858Z",
    "active": true
  }
},
{
  "model": "blog_app.comment",
  "pk": 10,
  "fields": {
    "name": "crystalguerrero",
    "email": "crystalguerrero@guerrero.com",
    "body": "Firm Mr again. Magazine person catch.",
    "post": 9,
    "created_on": "2023-03-09T05:54:03.858Z",
    "active": true
  }
},
{
  "model": "blog_app.comment",
  "pk": 11,
  "fields": {
    "name": "kathleenvega",
    "email": "kathleenvega@vega.com",
    "body": "Need there discuss market pressure record.",
    "post": 10,
    "created_on": "2023-03-09T05:54:03.859Z",
    "active": true
  }
},
{
  "model": "blog_app.comment",
  "pk": 12,
  "fields": {
    "name": "kathleenvega",
    "email": "kathleenvega@vega.com",
    "body": "Station step relationship doctor fear more or.",
    "post": 16,
    "created_on": "2023-03-09T05:54:03.859Z",
    "active": true
  }
},
{
  "model": "blog_app.comment",
  "pk": 13,
  "fields": {
    "name": "kathleenvega",
    "email": "kathleenvega@vega.com",
    "body": "Me likely magazine to seat allow.",
    "post": 5,
    "created_on": "2023-03-09T05:54:03.859Z",
    "active": true
  }
},
{
  "model": "blog_app.comment",
  "pk": 14,
  "fields": {
    "name": "jacobcortez",
    "email": "jacobcortez@cortez.com",
    "body": "Mention tax blood thus yard theory.",
    "post": 4,
    "created_on": "2023-03-09T05:54:03.859Z",
    "active": true
  }
},
{
  "model": "blog_app.comment",
  "pk": 15,
  "fields": {
    "name": "danielmadden",
    "email": "danielmadden@madden.com",
    "body": "Mean sport act water threat success.",
    "post": 5,
    "created_on": "2023-03-09T05:54:03.859Z",
    "active": true
  }
},
{
  "model": "blog_app.comment",
  "pk": 16,
  "fields": {
    "name": "crystalguerrero",
    "email": "crystalguerrero@guerrero.com",
    "body": "Management method machine happy city each.",
    "post": 14,
    "created_on": "2023-03-09T05:54:03.859Z",
    "active": true
  }
},
{
  "model": "blog_app.comment",
  "pk": 17,
  "fields": {
    "name": "kathleenvega",
    "email": "kathleenvega@vega.com",
    "body": "Until bank arrive case. Opportunity might drive.",
    "post": 6,
    "created_on": "2023-03-09T05:54:03.859Z",
    "active": true
  }
},
{
  "model": "blog_app.comment",
  "pk": 18,
  "fields": {
    "name": "crystalguerrero",
    "email": "crystalguerrero@guerrero.com",
    "body": "Simple thing any in suggest various field.",
    "post": 3,
    "created_on": "2023-03-09T05:54:03.859Z",
    "active": true
  }
},
{
  "model": "blog_app.comment",
  "pk": 19,
  "fields": {
    "name": "danielmadden",
    "email": "danielmadden@madden.com",
    "body": "Join action Mrs drug. Station floor number lot.",
    "post": 2,
    "created_on": "2023-03-09T05:54:03.859Z",
    "active": true
  }
},
{
  "model": "blog_app.comment",
  "pk": 20,
  "fields": {
    "name": "feliciamartinez",
    "email": "feliciamartinez@martinez.com",
    "body": "Culture notice very.",
    "post": 5,
    "created_on": "2023-03-09T05:54:03.859Z",
    "active": true
  }
},
{
  "model": "blog_app.comment",
  "pk": 21,
  "fields": {
    "name": "danielmadden",
    "email": "danielmadden@madden.com",
    "body": "Several contain let remain response.",
    "post": 16,
    "created_on": "2023-03-09T05:54:03.859Z",
    "active": true
  }
},
{
  "model": "blog_app.comment",
  "pk": 22,
  "fields": {
    "name": "jacobcortez",
    "email": "jacobcortez@cortez.com",
    "body": "Throw approach long still under.",
    "post": 7,
    "created_on": "2023-03-09T05:54:03.859Z",
    "active": true
  }
},
{
  "model": "blog_app.comment",
  "pk": 23,
  "fields": {
    "name": "kathleenvega",
    "email": "kathleenvega@vega.com",
    "body": "Buy according statement firm moment work over.",
    "post": 13,
    "created_on": "2023-03-09T05:54:03.859Z",
    "active": true
  }
},
{
  "model": "blog_app.comment",
  "pk": 24,
  "fields": {
    "name": "feliciamartinez",
    "email": "feliciamartinez@martinez.com",
    "body": "Include change possible yes ever tonight.",
    "post": 11,
    "created_on": "2023-03-09T05:54:03.859Z",
    "active": true
  }
},
{
  "model": "blog_app.comment",
  "pk": 25,
  "fields": {
    "name": "crystalguerrero",
    "email": "crystalguerrero@guerrero.com",
    "body": "Word use production military do.",
    "post": 19,
    "created_on": "2023-03-09T05:54:03.859Z",
    "active": true
  }
},
{
  "model": "blog_app.comment",
  "pk": 26,
  "fields": {
    "name": "jacobcortez",
    "email": "jacobcortez@cortez.com",
    "body": "Later you prove wish according father.",
    "post": 15,
    "created_on": "2023-03-09T05:54:03.859Z",
    "active": true
  }
},
{
  "model": "blog_app.comment",
  "pk": 27,
  "fields": {
    "name": "kathleenvega",
    "email": "kathleenvega@vega.com",
    "body": "They turn situation.",
    "post": 4,
    "created_on": "2023-03-09T05:54:03.859Z",
    "active": true
  }
},
{
  "model": "blog_app.comment",
  "pk": 28,
  "fields": {
    "name": "danielmadden",
    "email": "danielmadden@madden.com",
    "body": "Best matter north. Suggest affect site prepare.",
    "post": 8,
    "created_on": "2023-03-09T05:54:03.859Z",
    "active": true
  }
},
{
  "model": "blog_app.comment",
  "pk": 29,
  "fields": {
    "name": "kathleenvega",
    "email": "kathleenvega@vega.com",
    "body": "Image all Mr station kid.",
    "post": 8,
    "created_on": "2023-03-09T05:54:03.859Z",
    "active": true
  }
},
{
  "model": "blog_app.comment",
  "pk": 30,
  "fields": {
    "name": "danielmadden",
    "email": "danielmadden@madden.com",
    "body": "Approach my notice natural should arrive then.",
    "post": 8,
    "created_on": "2023-03-09T05:54:03.859Z",
    "active": true
  }
},
{
  "model": "blog_app.comment",
  "pk": 31,
  "fields": {
    "name": "kathleenvega",
    "email": "kathleenvega@vega.com",
    "body": "Rock add occur arm artist.",
    "post": 11,
    "created_on": "2023-03-09T05:54:03.859Z",
    "active": true
  }
},
{
  "model": "blog_app.comment",
  "pk": 32,
  "fields": {
    "name": "jacobcortez",
    "email": "jacobcortez@cortez.com",
    "body": "Energy top son itself system.",
    "post": 2,
    "created_on": "2023-03-09T05:54:03.859Z",
    "active": true
  }
},
{
  "model": "blog_app.comment",
  "pk": 33,
  "fields": {
    "name": "feliciamartinez",
    "email": "feliciamartinez@martinez.com",
    "body": "Eye rise key matter. Add poor I huge.",
    "post": 20,
    "created_on": "2023-03-09T05:54:03.859Z",
    "active": true
  }
},
{
  "model": "blog_app.comment",
  "pk": 34,
  "fields": {
    "name": "feliciamartinez",
    "email": "feliciamartinez@martinez.com",
    "body": "Project during born lose.",
    "post": 18,
    "created_on": "2023-03-09T05:54:03.859Z",
    "active": true
  }
},
{
  "model": "blog_app.comment",
  "pk": 35,
  "fields": {
    "name": "danielmadden",
    "email": "danielmadden@madden.com",
    "body": "Low personal away that level similar common no.",
    "post": 4,
    "created_on": "2023-03-09T05:54:03.859Z",
    "active": true
  }
},
{
  "model": "blog_app.comment",
  "pk": 36,
  "fields": {
    "name": "danielmadden",
    "email": "danielmadden@madden.com",
    "body": "Medical indicate bag. A rise series pull.",
    "post": 4,
    "created_on": "2023-03-09T05:54:03.859Z",
    "active": true
  }
},
{
  "model": "blog_app.comment",
  "pk": 37,
  "fields": {
    "name": "kathleenvega",
    "email": "kathleenvega@vega.com",
    "body": "Visit information be seem protect against ground.",
    "post": 18,
    "created_on": "2023-03-09T05:54:03.859Z",
    "active": true
  }
},
{
  "model": "blog_app.comment",
  "pk": 38,
  "fields": {
    "name": "danielmadden",
    "email": "danielmadden@madden.com",
    "body": "More why I bag account floor important should.",
    "post": 3,
    "created_on": "2023-03-09T05:54:03.859Z",
    "active": true
  }
},
{
  "model": "blog_app.comment",
  "pk": 39,
  "fields": {
    "name": "jacobcortez",
    "email": "jacobcortez@cortez.com",
    "body": "Which head song you girl.",
    "post": 20,
    "created_on": "2023-03-09T05:54:03.859Z",
    "active": true
  }
},
{
  "model": "blog_app.comment",
  "pk": 40,
  "fields": {
    "name": "feliciamartinez",
    "email": "feliciamartinez@martinez.com",
    "body": "Explain tend need Mrs clearly.",
    "post": 2,
    "created_on": "2023-03-09T05:54:03.860Z",
    "active": true
  }
},
{
  "model": "blog_app.comment",
  "pk": 41,
  "fields": {
    "name": "kathleenvega",
    "email": "kathleenvega@vega.com",
    "body": "Popular blood page.",
    "post": 4,
    "created_on": "2023-03-09T05:54:03.860Z",
    "active": true
  }
},
{
  "model": "blog_app.comment",
  "pk": 42,
  "fields": {
    "name": "danielmadden",
    "email": "danielmadden@madden.com",
    "body": "Way long make pattern state.",
    "post": 12,
    "created_on": "2023-03-09T05:54:03.860Z",
    "active": true
  }
},
{
  "model": "blog_app.comment",
  "pk": 43,
  "fields": {
    "name": "jacobcortez",
    "email": "jacobcortez@cortez.com",
    "body": "Answer wait hot defense house care.",
    "post": 6,
    "created_on": "2023-03-09T05:54:03.860Z",
    "active": true
  }
},
{
  "model": "blog_app.comment",
  "pk": 44,
  "fields": {
    "name": "feliciamartinez",
    "email": "feliciamartinez@martinez.com",
    "body": "Carry themselves stay get kind face action.",
    "post": 8,
    "created_on": "2023-03-09T05:54:03.860Z",
    "active": true
  }
},
{
  "model": "blog_app.comment",
  "pk": 45,
  "fields": {
    "name": "kathleenvega",
    "email": "kathleenvega@vega.com",
    "body": "Look car wife opportunity leg more.",
    "post": 13,
    "created_on": "2023-03-09T05:54:03.860Z",
    "active": true
  }
},
{
  "model": "blog_app.comment",
  "pk": 46,
  "fields": {
    "name": "jacobcortez",
    "email": "jacobcortez@cortez.com",
    "body": "Sit election increase hope.",
    "post": 19,
    "created_on": "2023-03-09T05:54:03.860Z",
    "active": true
  }
},
{
  "model": "blog_app.comment",
  "pk": 47,
  "fields": {
    "name": "feliciamartinez",
    "email": "feliciamartinez@martinez.com",
    "body": "Late decide government beautiful house sometimes.",
    "post": 18,
    "created_on": "2023-03-09T05:54:03.860Z",
    "active": true
  }
},
{
  "model": "blog_app.comment",
  "pk": 48,
  "fields": {
    "name": "danielmadden",
    "email": "danielmadden@madden.com",
    "body": "Fall culture safe actually ago identify recent.",
    "post": 11,
    "created_on": "2023-03-09T05:54:03.860Z",
    "active": true
  }
},
{
  "model": "blog_app.comment",
  "pk": 49,
  "fields": {
    "name": "jacobcortez",
    "email": "jacobcortez@cortez.com",
    "body": "Guy prove factor investment how nothing.",
    "post": 18,
    "created_on": "2023-03-09T05:54:03.860Z",
    "active": true
  }
},
{
  "model": "blog_app.comment",
  "pk": 50,
  "fields": {
    "name": "danielmadden",
    "email": "danielmadden@madden.com",
    "body": "Win performance necessary perform would.",
    "post": 2,
    "created_on": "2023-03-09T05:54:03.860Z",
    "active": true
  }
}
]
